name,value
BLOB_FEATS,"b'{""func_name"": ""getBlobsFeats"", ""func_arguments"": ""{\\""skeletons_file\\"": \\""/home/sirjlister/Tmp/Results/L1_skeletons.hdf5\\"", \\""masked_image_file\\"": \\""/home/sirjlister/Tmp/MaskedVideos/L1.hdf5\\"", \\""strel_size\\"": 5}"", ""pkgs_versions"": {""tierpsy"": ""1.5.3a+ca1a4c5"", ""open_worm_analysis_toolbox"": """", ""tierpsy_features"": """"}, ""cmd_original"": ""/home/sirjlister/tierpsy-tracker/tierpsy/processing/ProcessWorker.py /home/sirjlister/Documentos/JL/GM-LIIGH/Proyectos/duplication/tierpsy/L1.avi --masks_dir /home/sirjlister/Tmp/MaskedVideos/ --results_dir /home/sirjlister/Tmp/Results/ --json_file /home/sirjlister/Documentos/JL/GM-LIIGH/Proyectos/duplication/tierpsy/n2.json --analysis_checkpoints COMPRESS TRAJ_CREATE TRAJ_JOIN SKE_INIT BLOB_FEATS SKE_CREATE SKE_FILT SKE_ORIENT INT_PROFILE INT_SKE_ORIENT FEAT_INIT FEAT_TIERPSY""}'"
INT_SKE_ORIENT,"b'{""func_name"": ""correctHeadTailIntensity"", ""func_arguments"": ""{\\""skeletons_file\\"": \\""/home/sirjlister/Tmp/Results/L1_skeletons.hdf5\\"", \\""intensities_file\\"": \\""/home/sirjlister/Tmp/Results/L1_intensities.hdf5\\"", \\""smooth_W\\"": -1, \\""gap_size\\"": -1, \\""min_block_size\\"": -1, \\""local_avg_win\\"": -1, \\""min_frac_in\\"": 0.85, \\""head_tail_param\\"": {\\""max_gap_allowed\\"": -1, \\""window_std\\"": -1, \\""segment4angle\\"": -1, \\""min_block_size\\"": -1}, \\""head_tail_int_method\\"": \\""MEDIAN_INT\\""}"", ""pkgs_versions"": {""tierpsy"": ""1.5.3a+ca1a4c5"", ""open_worm_analysis_toolbox"": """", ""tierpsy_features"": """"}, ""cmd_original"": ""/home/sirjlister/tierpsy-tracker/tierpsy/processing/ProcessWorker.py /home/sirjlister/Documentos/JL/GM-LIIGH/Proyectos/duplication/tierpsy/L1.avi --masks_dir /home/sirjlister/Tmp/MaskedVideos/ --results_dir /home/sirjlister/Tmp/Results/ --json_file /home/sirjlister/Documentos/JL/GM-LIIGH/Proyectos/duplication/tierpsy/n2.json --analysis_checkpoints COMPRESS TRAJ_CREATE TRAJ_JOIN SKE_INIT BLOB_FEATS SKE_CREATE SKE_FILT SKE_ORIENT INT_PROFILE INT_SKE_ORIENT FEAT_INIT FEAT_TIERPSY""}'"
SKE_CREATE,"b'{""func_name"": ""trajectories2Skeletons"", ""func_arguments"": ""{\\""skeletons_file\\"": \\""/home/sirjlister/Tmp/Results/L1_skeletons.hdf5\\"", \\""masked_image_file\\"": \\""/home/sirjlister/Tmp/MaskedVideos/L1.hdf5\\"", \\""resampling_N\\"": 49, \\""worm_midbody\\"": [0.33, 0.67], \\""min_blob_area\\"": 25, \\""strel_size\\"": 5, \\""analysis_type\\"": \\""TIERPSY\\"", \\""skel_args\\"": {\\""num_segments\\"": 24, \\""head_angle_thresh\\"": 60}}"", ""pkgs_versions"": {""tierpsy"": ""1.5.3a+ca1a4c5"", ""open_worm_analysis_toolbox"": """", ""tierpsy_features"": """"}, ""cmd_original"": ""/home/sirjlister/tierpsy-tracker/tierpsy/processing/ProcessWorker.py /home/sirjlister/Documentos/JL/GM-LIIGH/Proyectos/duplication/tierpsy/L1.avi --masks_dir /home/sirjlister/Tmp/MaskedVideos/ --results_dir /home/sirjlister/Tmp/Results/ --json_file /home/sirjlister/Documentos/JL/GM-LIIGH/Proyectos/duplication/tierpsy/n2.json --analysis_checkpoints COMPRESS TRAJ_CREATE TRAJ_JOIN SKE_INIT BLOB_FEATS SKE_CREATE SKE_FILT SKE_ORIENT INT_PROFILE INT_SKE_ORIENT FEAT_INIT FEAT_TIERPSY""}'"
SKE_FILT,"b'{""func_name"": ""getFilteredSkels"", ""func_arguments"": ""{\\""bad_seg_thresh\\"": 0.8, \\""max_width_ratio\\"": 2.25, \\""max_area_ratio\\"": 6, \\""min_displacement\\"": 10, \\""critical_alpha\\"": 0.01, \\""min_num_skel\\"": -1, \\""skeletons_file\\"": \\""/home/sirjlister/Tmp/Results/L1_skeletons.hdf5\\""}"", ""pkgs_versions"": {""tierpsy"": ""1.5.3a+ca1a4c5"", ""open_worm_analysis_toolbox"": """", ""tierpsy_features"": """"}, ""cmd_original"": ""/home/sirjlister/tierpsy-tracker/tierpsy/processing/ProcessWorker.py /home/sirjlister/Documentos/JL/GM-LIIGH/Proyectos/duplication/tierpsy/L1.avi --masks_dir /home/sirjlister/Tmp/MaskedVideos/ --results_dir /home/sirjlister/Tmp/Results/ --json_file /home/sirjlister/Documentos/JL/GM-LIIGH/Proyectos/duplication/tierpsy/n2.json --analysis_checkpoints COMPRESS TRAJ_CREATE TRAJ_JOIN SKE_INIT BLOB_FEATS SKE_CREATE SKE_FILT SKE_ORIENT INT_PROFILE INT_SKE_ORIENT FEAT_INIT FEAT_TIERPSY""}'"
SKE_INIT,"b'{""func_name"": ""processTrajectoryData"", ""func_arguments"": ""{\\""skeletons_file\\"": \\""/home/sirjlister/Tmp/Results/L1_skeletons.hdf5\\"", \\""masked_image_file\\"": \\""/home/sirjlister/Tmp/MaskedVideos/L1.hdf5\\"", \\""trajectories_file\\"": \\""/home/sirjlister/Tmp/Results/L1_skeletons.hdf5\\"", \\""smoothed_traj_param\\"": {\\""min_track_size\\"": 0, \\""displacement_smooth_win\\"": -1, \\""threshold_smooth_win\\"": -1, \\""roi_size\\"": -1}, \\""filter_model_name\\"": \\""/home/sirjlister/tierpsy-tracker/tierpsy/extras/model_state_isworm_20200615.pth\\""}"", ""pkgs_versions"": {""tierpsy"": ""1.5.3a+ca1a4c5"", ""open_worm_analysis_toolbox"": """", ""tierpsy_features"": """"}, ""cmd_original"": ""/home/sirjlister/tierpsy-tracker/tierpsy/processing/ProcessWorker.py /home/sirjlister/Documentos/JL/GM-LIIGH/Proyectos/duplication/tierpsy/L1.avi --masks_dir /home/sirjlister/Tmp/MaskedVideos/ --results_dir /home/sirjlister/Tmp/Results/ --json_file /home/sirjlister/Documentos/JL/GM-LIIGH/Proyectos/duplication/tierpsy/n2.json --analysis_checkpoints COMPRESS TRAJ_CREATE TRAJ_JOIN SKE_INIT BLOB_FEATS SKE_CREATE SKE_FILT SKE_ORIENT INT_PROFILE INT_SKE_ORIENT FEAT_INIT FEAT_TIERPSY""}'"
SKE_ORIENT,"b'{""func_name"": ""correctHeadTail"", ""func_arguments"": ""{\\""max_gap_allowed\\"": -1, \\""window_std\\"": -1, \\""segment4angle\\"": -1, \\""min_block_size\\"": -1, \\""skeletons_file\\"": \\""/home/sirjlister/Tmp/Results/L1_skeletons.hdf5\\""}"", ""pkgs_versions"": {""tierpsy"": ""1.5.3a+ca1a4c5"", ""open_worm_analysis_toolbox"": """", ""tierpsy_features"": """"}, ""cmd_original"": ""/home/sirjlister/tierpsy-tracker/tierpsy/processing/ProcessWorker.py /home/sirjlister/Documentos/JL/GM-LIIGH/Proyectos/duplication/tierpsy/L1.avi --masks_dir /home/sirjlister/Tmp/MaskedVideos/ --results_dir /home/sirjlister/Tmp/Results/ --json_file /home/sirjlister/Documentos/JL/GM-LIIGH/Proyectos/duplication/tierpsy/n2.json --analysis_checkpoints COMPRESS TRAJ_CREATE TRAJ_JOIN SKE_INIT BLOB_FEATS SKE_CREATE SKE_FILT SKE_ORIENT INT_PROFILE INT_SKE_ORIENT FEAT_INIT FEAT_TIERPSY""}'"
TRAJ_CREATE,"b'{""func_name"": ""getBlobsTable"", ""func_arguments"": ""{\\""masked_image_file\\"": \\""/home/sirjlister/Tmp/MaskedVideos/L1.hdf5\\"", \\""trajectories_file\\"": \\""/home/sirjlister/Tmp/Results/L1_skeletons.hdf5\\"", \\""min_area\\"": 25, \\""min_box_width\\"": 5, \\""worm_bw_thresh_factor\\"": 1.05, \\""strel_size\\"": 5, \\""analysis_type\\"": \\""TIERPSY\\"", \\""thresh_block_size\\"": 61, \\""n_cores_used\\"": 1, \\""buffer_size\\"": 10}"", ""pkgs_versions"": {""tierpsy"": ""1.5.3a+ca1a4c5"", ""open_worm_analysis_toolbox"": """", ""tierpsy_features"": """"}, ""cmd_original"": ""/home/sirjlister/tierpsy-tracker/tierpsy/processing/ProcessWorker.py /home/sirjlister/Documentos/JL/GM-LIIGH/Proyectos/duplication/tierpsy/L1.avi --masks_dir /home/sirjlister/Tmp/MaskedVideos/ --results_dir /home/sirjlister/Tmp/Results/ --json_file /home/sirjlister/Documentos/JL/GM-LIIGH/Proyectos/duplication/tierpsy/n2.json --analysis_checkpoints COMPRESS TRAJ_CREATE TRAJ_JOIN SKE_INIT BLOB_FEATS SKE_CREATE SKE_FILT SKE_ORIENT INT_PROFILE INT_SKE_ORIENT FEAT_INIT FEAT_TIERPSY""}'"
TRAJ_JOIN,"b'{""func_name"": ""joinBlobsTrajectories"", ""func_arguments"": ""{\\""trajectories_file\\"": \\""/home/sirjlister/Tmp/Results/L1_skeletons.hdf5\\"", \\""max_allowed_dist\\"": 25, \\""min_track_size\\"": 0, \\""max_frames_gap\\"": 0, \\""area_ratio_lim\\"": 2, \\""is_one_worm\\"": false, \\""is_WT2\\"": false}"", ""pkgs_versions"": {""tierpsy"": ""1.5.3a+ca1a4c5"", ""open_worm_analysis_toolbox"": """", ""tierpsy_features"": """"}, ""cmd_original"": ""/home/sirjlister/tierpsy-tracker/tierpsy/processing/ProcessWorker.py /home/sirjlister/Documentos/JL/GM-LIIGH/Proyectos/duplication/tierpsy/L1.avi --masks_dir /home/sirjlister/Tmp/MaskedVideos/ --results_dir /home/sirjlister/Tmp/Results/ --json_file /home/sirjlister/Documentos/JL/GM-LIIGH/Proyectos/duplication/tierpsy/n2.json --analysis_checkpoints COMPRESS TRAJ_CREATE TRAJ_JOIN SKE_INIT BLOB_FEATS SKE_CREATE SKE_FILT SKE_ORIENT INT_PROFILE INT_SKE_ORIENT FEAT_INIT FEAT_TIERPSY""}'"
provenance_tracking/BLOB_FEATS,"b'{""func_name"": ""getBlobsFeats"", ""func_arguments"": ""{\\""skeletons_file\\"": \\""/home/sirjlister/Tmp/Results/L1_skeletons.hdf5\\"", \\""masked_image_file\\"": \\""/home/sirjlister/Tmp/MaskedVideos/L1.hdf5\\"", \\""strel_size\\"": 5}"", ""pkgs_versions"": {""tierpsy"": ""1.5.3a+ca1a4c5"", ""open_worm_analysis_toolbox"": """", ""tierpsy_features"": """"}, ""cmd_original"": ""/home/sirjlister/tierpsy-tracker/tierpsy/processing/ProcessWorker.py /home/sirjlister/Documentos/JL/GM-LIIGH/Proyectos/duplication/tierpsy/L1.avi --masks_dir /home/sirjlister/Tmp/MaskedVideos/ --results_dir /home/sirjlister/Tmp/Results/ --json_file /home/sirjlister/Documentos/JL/GM-LIIGH/Proyectos/duplication/tierpsy/n2.json --analysis_checkpoints COMPRESS TRAJ_CREATE TRAJ_JOIN SKE_INIT BLOB_FEATS SKE_CREATE SKE_FILT SKE_ORIENT INT_PROFILE INT_SKE_ORIENT FEAT_INIT FEAT_TIERPSY""}'"
provenance_tracking/INT_SKE_ORIENT,"b'{""func_name"": ""correctHeadTailIntensity"", ""func_arguments"": ""{\\""skeletons_file\\"": \\""/home/sirjlister/Tmp/Results/L1_skeletons.hdf5\\"", \\""intensities_file\\"": \\""/home/sirjlister/Tmp/Results/L1_intensities.hdf5\\"", \\""smooth_W\\"": -1, \\""gap_size\\"": -1, \\""min_block_size\\"": -1, \\""local_avg_win\\"": -1, \\""min_frac_in\\"": 0.85, \\""head_tail_param\\"": {\\""max_gap_allowed\\"": -1, \\""window_std\\"": -1, \\""segment4angle\\"": -1, \\""min_block_size\\"": -1}, \\""head_tail_int_method\\"": \\""MEDIAN_INT\\""}"", ""pkgs_versions"": {""tierpsy"": ""1.5.3a+ca1a4c5"", ""open_worm_analysis_toolbox"": """", ""tierpsy_features"": """"}, ""cmd_original"": ""/home/sirjlister/tierpsy-tracker/tierpsy/processing/ProcessWorker.py /home/sirjlister/Documentos/JL/GM-LIIGH/Proyectos/duplication/tierpsy/L1.avi --masks_dir /home/sirjlister/Tmp/MaskedVideos/ --results_dir /home/sirjlister/Tmp/Results/ --json_file /home/sirjlister/Documentos/JL/GM-LIIGH/Proyectos/duplication/tierpsy/n2.json --analysis_checkpoints COMPRESS TRAJ_CREATE TRAJ_JOIN SKE_INIT BLOB_FEATS SKE_CREATE SKE_FILT SKE_ORIENT INT_PROFILE INT_SKE_ORIENT FEAT_INIT FEAT_TIERPSY""}'"
provenance_tracking/SKE_CREATE,"b'{""func_name"": ""trajectories2Skeletons"", ""func_arguments"": ""{\\""skeletons_file\\"": \\""/home/sirjlister/Tmp/Results/L1_skeletons.hdf5\\"", \\""masked_image_file\\"": \\""/home/sirjlister/Tmp/MaskedVideos/L1.hdf5\\"", \\""resampling_N\\"": 49, \\""worm_midbody\\"": [0.33, 0.67], \\""min_blob_area\\"": 25, \\""strel_size\\"": 5, \\""analysis_type\\"": \\""TIERPSY\\"", \\""skel_args\\"": {\\""num_segments\\"": 24, \\""head_angle_thresh\\"": 60}}"", ""pkgs_versions"": {""tierpsy"": ""1.5.3a+ca1a4c5"", ""open_worm_analysis_toolbox"": """", ""tierpsy_features"": """"}, ""cmd_original"": ""/home/sirjlister/tierpsy-tracker/tierpsy/processing/ProcessWorker.py /home/sirjlister/Documentos/JL/GM-LIIGH/Proyectos/duplication/tierpsy/L1.avi --masks_dir /home/sirjlister/Tmp/MaskedVideos/ --results_dir /home/sirjlister/Tmp/Results/ --json_file /home/sirjlister/Documentos/JL/GM-LIIGH/Proyectos/duplication/tierpsy/n2.json --analysis_checkpoints COMPRESS TRAJ_CREATE TRAJ_JOIN SKE_INIT BLOB_FEATS SKE_CREATE SKE_FILT SKE_ORIENT INT_PROFILE INT_SKE_ORIENT FEAT_INIT FEAT_TIERPSY""}'"
provenance_tracking/SKE_FILT,"b'{""func_name"": ""getFilteredSkels"", ""func_arguments"": ""{\\""bad_seg_thresh\\"": 0.8, \\""max_width_ratio\\"": 2.25, \\""max_area_ratio\\"": 6, \\""min_displacement\\"": 10, \\""critical_alpha\\"": 0.01, \\""min_num_skel\\"": -1, \\""skeletons_file\\"": \\""/home/sirjlister/Tmp/Results/L1_skeletons.hdf5\\""}"", ""pkgs_versions"": {""tierpsy"": ""1.5.3a+ca1a4c5"", ""open_worm_analysis_toolbox"": """", ""tierpsy_features"": """"}, ""cmd_original"": ""/home/sirjlister/tierpsy-tracker/tierpsy/processing/ProcessWorker.py /home/sirjlister/Documentos/JL/GM-LIIGH/Proyectos/duplication/tierpsy/L1.avi --masks_dir /home/sirjlister/Tmp/MaskedVideos/ --results_dir /home/sirjlister/Tmp/Results/ --json_file /home/sirjlister/Documentos/JL/GM-LIIGH/Proyectos/duplication/tierpsy/n2.json --analysis_checkpoints COMPRESS TRAJ_CREATE TRAJ_JOIN SKE_INIT BLOB_FEATS SKE_CREATE SKE_FILT SKE_ORIENT INT_PROFILE INT_SKE_ORIENT FEAT_INIT FEAT_TIERPSY""}'"
provenance_tracking/SKE_INIT,"b'{""func_name"": ""processTrajectoryData"", ""func_arguments"": ""{\\""skeletons_file\\"": \\""/home/sirjlister/Tmp/Results/L1_skeletons.hdf5\\"", \\""masked_image_file\\"": \\""/home/sirjlister/Tmp/MaskedVideos/L1.hdf5\\"", \\""trajectories_file\\"": \\""/home/sirjlister/Tmp/Results/L1_skeletons.hdf5\\"", \\""smoothed_traj_param\\"": {\\""min_track_size\\"": 0, \\""displacement_smooth_win\\"": -1, \\""threshold_smooth_win\\"": -1, \\""roi_size\\"": -1}, \\""filter_model_name\\"": \\""/home/sirjlister/tierpsy-tracker/tierpsy/extras/model_state_isworm_20200615.pth\\""}"", ""pkgs_versions"": {""tierpsy"": ""1.5.3a+ca1a4c5"", ""open_worm_analysis_toolbox"": """", ""tierpsy_features"": """"}, ""cmd_original"": ""/home/sirjlister/tierpsy-tracker/tierpsy/processing/ProcessWorker.py /home/sirjlister/Documentos/JL/GM-LIIGH/Proyectos/duplication/tierpsy/L1.avi --masks_dir /home/sirjlister/Tmp/MaskedVideos/ --results_dir /home/sirjlister/Tmp/Results/ --json_file /home/sirjlister/Documentos/JL/GM-LIIGH/Proyectos/duplication/tierpsy/n2.json --analysis_checkpoints COMPRESS TRAJ_CREATE TRAJ_JOIN SKE_INIT BLOB_FEATS SKE_CREATE SKE_FILT SKE_ORIENT INT_PROFILE INT_SKE_ORIENT FEAT_INIT FEAT_TIERPSY""}'"
provenance_tracking/SKE_ORIENT,"b'{""func_name"": ""correctHeadTail"", ""func_arguments"": ""{\\""max_gap_allowed\\"": -1, \\""window_std\\"": -1, \\""segment4angle\\"": -1, \\""min_block_size\\"": -1, \\""skeletons_file\\"": \\""/home/sirjlister/Tmp/Results/L1_skeletons.hdf5\\""}"", ""pkgs_versions"": {""tierpsy"": ""1.5.3a+ca1a4c5"", ""open_worm_analysis_toolbox"": """", ""tierpsy_features"": """"}, ""cmd_original"": ""/home/sirjlister/tierpsy-tracker/tierpsy/processing/ProcessWorker.py /home/sirjlister/Documentos/JL/GM-LIIGH/Proyectos/duplication/tierpsy/L1.avi --masks_dir /home/sirjlister/Tmp/MaskedVideos/ --results_dir /home/sirjlister/Tmp/Results/ --json_file /home/sirjlister/Documentos/JL/GM-LIIGH/Proyectos/duplication/tierpsy/n2.json --analysis_checkpoints COMPRESS TRAJ_CREATE TRAJ_JOIN SKE_INIT BLOB_FEATS SKE_CREATE SKE_FILT SKE_ORIENT INT_PROFILE INT_SKE_ORIENT FEAT_INIT FEAT_TIERPSY""}'"
provenance_tracking/TRAJ_CREATE,"b'{""func_name"": ""getBlobsTable"", ""func_arguments"": ""{\\""masked_image_file\\"": \\""/home/sirjlister/Tmp/MaskedVideos/L1.hdf5\\"", \\""trajectories_file\\"": \\""/home/sirjlister/Tmp/Results/L1_skeletons.hdf5\\"", \\""min_area\\"": 25, \\""min_box_width\\"": 5, \\""worm_bw_thresh_factor\\"": 1.05, \\""strel_size\\"": 5, \\""analysis_type\\"": \\""TIERPSY\\"", \\""thresh_block_size\\"": 61, \\""n_cores_used\\"": 1, \\""buffer_size\\"": 10}"", ""pkgs_versions"": {""tierpsy"": ""1.5.3a+ca1a4c5"", ""open_worm_analysis_toolbox"": """", ""tierpsy_features"": """"}, ""cmd_original"": ""/home/sirjlister/tierpsy-tracker/tierpsy/processing/ProcessWorker.py /home/sirjlister/Documentos/JL/GM-LIIGH/Proyectos/duplication/tierpsy/L1.avi --masks_dir /home/sirjlister/Tmp/MaskedVideos/ --results_dir /home/sirjlister/Tmp/Results/ --json_file /home/sirjlister/Documentos/JL/GM-LIIGH/Proyectos/duplication/tierpsy/n2.json --analysis_checkpoints COMPRESS TRAJ_CREATE TRAJ_JOIN SKE_INIT BLOB_FEATS SKE_CREATE SKE_FILT SKE_ORIENT INT_PROFILE INT_SKE_ORIENT FEAT_INIT FEAT_TIERPSY""}'"
provenance_tracking/TRAJ_JOIN,"b'{""func_name"": ""joinBlobsTrajectories"", ""func_arguments"": ""{\\""trajectories_file\\"": \\""/home/sirjlister/Tmp/Results/L1_skeletons.hdf5\\"", \\""max_allowed_dist\\"": 25, \\""min_track_size\\"": 0, \\""max_frames_gap\\"": 0, \\""area_ratio_lim\\"": 2, \\""is_one_worm\\"": false, \\""is_WT2\\"": false}"", ""pkgs_versions"": {""tierpsy"": ""1.5.3a+ca1a4c5"", ""open_worm_analysis_toolbox"": """", ""tierpsy_features"": """"}, ""cmd_original"": ""/home/sirjlister/tierpsy-tracker/tierpsy/processing/ProcessWorker.py /home/sirjlister/Documentos/JL/GM-LIIGH/Proyectos/duplication/tierpsy/L1.avi --masks_dir /home/sirjlister/Tmp/MaskedVideos/ --results_dir /home/sirjlister/Tmp/Results/ --json_file /home/sirjlister/Documentos/JL/GM-LIIGH/Proyectos/duplication/tierpsy/n2.json --analysis_checkpoints COMPRESS TRAJ_CREATE TRAJ_JOIN SKE_INIT BLOB_FEATS SKE_CREATE SKE_FILT SKE_ORIENT INT_PROFILE INT_SKE_ORIENT FEAT_INIT FEAT_TIERPSY""}'"
